<solver xStreamId="1">
  <scanAnnotatedClasses xStreamId="2"/>
  <scoreDirectorFactory xStreamId="3"/>
  <termination xStreamId="4">
    <millisecondsSpentLimit>502</millisecondsSpentLimit>
    <secondsSpentLimit>32</secondsSpentLimit>
    <minutesSpentLimit>7</minutesSpentLimit>
    <hoursSpentLimit>0</hoursSpentLimit>
    <daysSpentLimit>0</daysSpentLimit>
    <termination xStreamId="5">
      <millisecondsSpentLimit>0</millisecondsSpentLimit>
      <secondsSpentLimit>0</secondsSpentLimit>
      <minutesSpentLimit>1</minutesSpentLimit>
      <hoursSpentLimit>0</hoursSpentLimit>
      <daysSpentLimit>0</daysSpentLimit>
      <bestScoreFeasible>true</bestScoreFeasible>
    </termination>
  </termination>
  <constructionHeuristic xStreamId="6">
    <constructionHeuristicType>FIRST_FIT_DECREASING</constructionHeuristicType>
    <entitySorterManner>NONE</entitySorterManner>
  </constructionHeuristic>
  <localSearch xStreamId="7">
    <localSearchType>LATE_ACCEPTANCE</localSearchType>
  </localSearch>
</solver>