<solver xStreamId="1">
  <scanAnnotatedClasses xStreamId="2"/>
  <scoreDirectorFactory xStreamId="3"/>
  <termination xStreamId="4">
    <millisecondsSpentLimit>0</millisecondsSpentLimit>
    <secondsSpentLimit>0</secondsSpentLimit>
    <minutesSpentLimit>1</minutesSpentLimit>
    <hoursSpentLimit>0</hoursSpentLimit>
    <daysSpentLimit>0</daysSpentLimit>
    <bestScoreFeasible>true</bestScoreFeasible>
    <termination xStreamId="5">
      <terminationCompositionStyle>OR</terminationCompositionStyle>
      <millisecondsSpentLimit>0</millisecondsSpentLimit>
      <secondsSpentLimit>0</secondsSpentLimit>
      <minutesSpentLimit>1</minutesSpentLimit>
      <hoursSpentLimit>0</hoursSpentLimit>
      <daysSpentLimit>0</daysSpentLimit>
    </termination>
  </termination>
  <constructionHeuristic xStreamId="6">
    <constructionHeuristicType>FIRST_FIT</constructionHeuristicType>
    <entitySorterManner>NONE</entitySorterManner>
  </constructionHeuristic>
  <localSearch xStreamId="7">
    <localSearchType>LATE_ACCEPTANCE</localSearchType>
  </localSearch>
  <localSearch xStreamId="8">
    <localSearchType>TABU_SEARCH</localSearchType>
  </localSearch>
</solver>